{
 "macerator": {
  "item.itemDustCoal_-49502216": true,
  "item.itemCharcoalDust_-49501069": true,
  "item.itemDustCoal_-1524973112": true,
  "item.itemDustCoal": true,
  "item.itemDustIron_-1519329283": true,
  "item.itemDustIron_-925593416": true,
  "item.itemDustIron": true,
  "item.itemDustIron_1988887414": true,
  "item.itemDustGold_-1521268860": true,
  "item.itemDustGold_-927532993": true,
  "item.itemDustGold": true,
  "item.redstone_1138723198": true,
  "item.itemDustSilver_702002035": true,
  "item.itemDustSilver_51519854": true,
  "item.itemDustSilver": true,
  "item.itemDustCopper_-437864822": true,
  "item.itemDustCopper_-1088347003": true,
  "item.itemDustCopper": true,
  "item.itemDustBronze_-1890926494": true,
  "item.itemDustBronze": true,
  "item.itemDustTin_331846253": true,
  "item.itemDustTin_-618832302": true,
  "item.itemDustTin": true,
  "item.itemNetherrackDust_-85866501": true,
  "item.netherquartz_1623712433": true,
  "item.itemOreUran_-358476226": true,
  "item.itemCharcoalDust_743823622": true,
  "item.blazePowder_-1907842995": true,
  "item.itemGrinPowder_-603330264": true,
  "item.itemGrinPowder_-1837221814": true,
  "item.itemGrinPowder_1853807710": true,
  "item.string_1709888316": true,
  "tile.gravel_180601027": true,
  "tile.sand.default_290824741": true,
  "tile.sand.default_-1879665788": true,
  "tile.sand.red_868120721": true,
  "item.snowball_401593624": true,
  "item.itemDustClay_-135002324": true,
  "item.yellowDust_429922658": true,
  "item.dyePowder.white_-1479393026": true,
  "tile.dirt.default_7359474": true,
  "item.itemCoffeePowder_1988988288": true,
  "item.itemObsidianDust_1897319697": true,
  "item.itemFlour_-1538290412": true,
  "item.itemFlour_-1537062357": true,
  "item.itemRawBioFiber_1989187680": true,
  "ic2exprecipe_Raw Firestone_": true,
  "ic2exprecipe_Copper Dust_": true,
  "ic2exprecipe_Tin Dust_": true,
  "ic2exprecipe_Iron Dust_": true,
  "ic2exprecipe_Gold Dust_": true,
  "ic2exprecipe_Silver Dust_": true,
  "ic2exprecipe_Crushed Obsidian_": true,
  "ic2exprecipe_Obsidian Dust_": true,
  "item.appliedenergistics2.material.nether_quartz_dust_-1187224328": true,
  "item.projectred.core.itemResource.electrotine_dust_-1694037871": true,
  "item.bigreactors:dustyellorium_-740102081": true,
  "item.thermalfoundation.material.dustLead_-332762564": true,
  "item.thermalfoundation.material.dustAluminum_213225015": true,
  "item.thermalfoundation.material.dustNickel_1735008460": true,
  "item.thermalfoundation.material.dustPlatinum_-1498588471": true,
  "item.thermalfoundation.material.dustIridium_1606625979": true,
  "item.thermalfoundation.material.dustMithril_909205522": true,
  "item.thermalfoundation.material.dustLead_260973303": true,
  "item.thermalfoundation.material.dustAluminum_-2129893006": true,
  "item.thermalfoundation.material.dustNickel_1084526279": true,
  "item.thermalfoundation.material.dustPlatinum_453260804": true,
  "item.thermalfoundation.material.dustIridium_-1378452448": true,
  "item.thermalfoundation.material.dustMithril_-2075872905": true,
  "item.thermalfoundation.material.dustSteel_-363330791": true,
  "item.thermalfoundation.material.dustElectrum_1934021306": true,
  "item.thermalfoundation.material.dustInvar_-654660576": true,
  "item.thermalfoundation.material.dustConstantan_1917796193": true,
  "item.thermalfoundation.material.dustSignalum_-756765903": true,
  "item.thermalfoundation.material.dustLumium_-337739213": true,
  "item.thermalfoundation.material.dustEnderium_292314326": true,
  "item.thermalfoundation.material.dustSulfur_-2065657857": true,
  "item.thermalfoundation.material.dustNiter_711191813": true,
  "item.appliedenergistics2.material.certus_quartz_dust_-1686702025": true,
  "item.bigreactors:dustyellorium_-510531393": true,
  "item.bigreactors:dustblutonium_2035845046": true,
  "item.bigreactors:dustcyanite_-1445421692": true,
  "item.bigreactors:dustgraphite_-2074439270": true,
  "item.bigreactors:dustblutonium_492066820": true,
  "item.bigreactors:dustludicrite_1121191812": true,
  "item.bigreactors:dustyellorium_-132746012": true
 },
 "extractor": {
  "item.coal_764578481": true,
  "item.dyePowder.blue_749691996": true,
  "item.diamond_1399568853": true,
  "item.emerald_-1524801579": true,
  "item.itemRubber_423644248": true,
  "item.itemRubber_-140850560": true,
  "item.itemRubber_443969768": true,
  "item.netherquartz_1623712433": true,
  "item.flint_880385219": true,
  "item.itemDynamite_-1026852414": true,
  "item.itemCellBioRef_1988938688": true,
  "item.itemCellBioRef_1003098307": true,
  "item.itemCellCoalRef_1988936704": true,
  "item.itemCellHydrant_1879541949": true,
  "ScrapboxUnpacking": true,
  "item.dyePowder.yellow_2028315520": true,
  "item.dyePowder.red_1526347303": true,
  "item.dyePowder.lightBlue_1526348605": true,
  "item.dyePowder.magenta_1526349597": true,
  "item.dyePowder.silver_1526350372": true,
  "item.dyePowder.red_1526351147": true,
  "item.dyePowder.orange_1526352511": true,
  "item.dyePowder.silver_1526353255": true,
  "item.dyePowder.pink_1526354278": true,
  "item.dyePowder.silver_1526355177": true,
  "item.dyePowder.yellow_1192533033": true,
  "item.dyePowder.magenta_1192534056": true,
  "item.dyePowder.red_1192536567": true,
  "item.dyePowder.pink_1192537776": true,
  "item.dyePowder.red_-405206020": true
 },
 "compressor": {
  "tile.sandStone.default_1494879518": true,
  "tile.redSandStone.default_2137708081": true,
  "tile.netherBrick_-248922228": true,
  "tile.ice_-38485878": true,
  "tile.icePacked_-564697894": true,
  "item.blazeRod_853245877": true,
  "item.snowball_1648449263": true,
  "item.itemIngotUran_751381032": true,
  "item.itemPartDCP_-1088339036": true,
  "item.itemFuelPlantCmpr_1989183712": true,
  "item.itemFuelCoalCmpr_1988854120": true,
  "item.itemFuelCoalCmpr_1988859886": true,
  "item.itemCellAir_1003095300": true,
  "item.itemCompressedBioBall_1989187711": true,
  "tile.blockMiningPipe_1781809032": true,
  "item.itemDeadMagnet_1989095424": true,
  "item.itemPartCarbonPlate_1989089472": true,
  "item.itemPartCoalBlock_1989084512": true,
  "item.itemPartIndustrialDiamond_1989086496": true,
  "item.scrapMetalChunk_1989038942": true,
  "item.itemObsidianBlade_1989136096": true,
  "item.itemPartAlloy_1988898264": true,
  "item.itemPartPellet_7915127": true,
  "item.potion_441693419": true,
  "item.iridiumIngot_-610845883": true,
  "pipeSealant": true
 },
 "massfabricatorAmplifier": {
  "ScrapAmplifier": true,
  "ScrapboxAmplifier": true,
  "ScrapMetalAmplifier": true
 },
 "electrolyzer": {
  "ElectrolyizingWater": true,
  "Magnetizing": true
 },
 "recycler": {
  "compostingFlesh": true,
  "horserArmorRecyclingIron": true,
  "horserArmorRecyclingGold": true,
  "horserArmorRecyclingDiamond": true,
  "minecartRecycling": true,
  "axeReyclingdiamond": true,
  "pickaxeReyclingdiamond": true,
  "shovelReyclingdiamond": true,
  "hoeReyclingdiamond": true,
  "swordReyclingdiamond": true,
  "helmetReyclingdiamond": true,
  "chestplateReyclingdiamond": true,
  "leggingsReyclingdiamond": true,
  "bootsReyclingdiamond": true,
  "axeReyclingiron": true,
  "pickaxeReyclingiron": true,
  "shovelReyclingiron": true,
  "hoeReyclingiron": true,
  "swordReyclingiron": true,
  "helmetReyclingiron": true,
  "chestplateReyclingiron": true,
  "leggingsReyclingiron": true,
  "bootsReyclingiron": true,
  "axeReyclinggold": true,
  "pickaxeReyclinggold": true,
  "shovelReyclinggold": true,
  "hoeReyclinggold": true,
  "swordReyclinggold": true,
  "helmetReyclinggold": true,
  "chestplateReyclinggold": true,
  "leggingsReyclinggold": true,
  "bootsReyclinggold": true,
  "axeScrappingiron": true,
  "pickaxeScrappingiron": true,
  "shovelScrappingiron": true,
  "hoeScrappingiron": true,
  "swordScrappingiron": true,
  "helmetScrappingiron": true,
  "chestplateScrappingiron": true,
  "leggingsScrappingiron": true,
  "bootsScrappingiron": true,
  "axeScrappinggold": true,
  "pickaxeScrappinggold": true,
  "shovelScrappinggold": true,
  "hoeScrappinggold": true,
  "swordScrappinggold": true,
  "helmetScrappinggold": true,
  "chestplateScrappinggold": true,
  "leggingsScrappinggold": true,
  "bootsScrappinggold": true,
  "leatherReworkingBoots": true,
  "leatherReworkingLeggings": true,
  "leatherReworkingChest": true,
  "leatherReworkingHelmet": true,
  "RareEarthRycling": true,
  "ingotRecycling_ingotIron": true,
  "ingotRecycling_ingotGold": true,
  "ingotRecycling_ingotRedAlloy": true,
  "ingotRecycling_ingotCopper": true,
  "ingotRecycling_ingotTin": true,
  "ingotRecycling_ingotSilver": true,
  "ingotRecycling_ingotElectrotineAlloy": true,
  "ingotRecycling_ingotBronze": true,
  "ingotRecycling_ingotRefinedIron": true,
  "ingotRecycling_ingotUranium": true,
  "ingotRecycling_ingotEnrichedUranium": true,
  "ingotRecycling_ingotLead": true,
  "ingotRecycling_ingotAluminum": true,
  "ingotRecycling_ingotNickel": true,
  "ingotRecycling_ingotPlatinum": true,
  "ingotRecycling_ingotIridium": true,
  "ingotRecycling_ingotMithril": true,
  "ingotRecycling_ingotSteel": true,
  "ingotRecycling_ingotElectrum": true,
  "ingotRecycling_ingotInvar": true,
  "ingotRecycling_ingotConstantan": true,
  "ingotRecycling_ingotSignalum": true,
  "ingotRecycling_ingotLumium": true,
  "ingotRecycling_ingotEnderium": true,
  "ingotRecycling_ingotZinc": true,
  "ingotRecycling_ingotBrass": true,
  "ingotRecycling_ingotPlutonium": true,
  "ingotRecycling_ingotCyanite": true,
  "ingotRecycling_ingotGraphite": true,
  "ingotRecycling_ingotBlutonium": true,
  "ingotRecycling_ingotLudicrite": true,
  "ingotRecycling_ingotYellorium": true,
  "ingotRecycling_ingotCobalt": true,
  "ingotRecycling_ingotArdite": true,
  "ingotRecycling_ingotManyullyn": true,
  "ingotRecycling_ingotKnightslime": true,
  "ingotRecycling_ingotPigiron": true,
  "ingotRecycling_ingotAlubrass": true,
  "ingotRecycling_ingotBrickSeared": true,
  "ingotRecycling_ingotAluminium": true
 },
 "sawmill": {
  "tile.wood.oak_-867074482": true,
  "tile.wood.spruce_-867073490": true,
  "tile.wood.birch_-867072498": true,
  "tile.wood.jungle_-867071506": true,
  "tile.wood.acacia_570963040": true,
  "tile.wood.big_oak_570964032": true,
  "tile.for.planks.0_214062307": true,
  "tile.for.planks.0_214063299": true,
  "tile.for.planks.0_214064291": true,
  "tile.for.planks.0_214065283": true,
  "tile.for.planks.0_214092222": true,
  "tile.for.planks.0_214093214": true,
  "tile.for.planks.0_214094206": true,
  "tile.for.planks.0_214095198": true,
  "tile.for.planks.0_214122137": true,
  "tile.for.planks.0_214123129": true,
  "tile.for.planks.0_214124121": true,
  "tile.for.planks.0_214125113": true,
  "tile.for.planks.0_214152052": true,
  "tile.for.planks.0_214153044": true,
  "tile.for.planks.0_214154036": true,
  "tile.for.planks.0_214155028": true,
  "tile.for.planks.1_214182432": true,
  "tile.for.planks.1_214183424": true,
  "tile.for.planks.1_214184416": true,
  "tile.for.planks.1_214185408": true,
  "tile.for.planks.1_214212347": true,
  "tile.for.planks.1_214213339": true,
  "tile.for.planks.1_214214331": true,
  "tile.for.planks.1_214215323": true,
  "tile.for.planks.1_214242262": true,
  "tile.for.planks.1_214243254": true,
  "tile.for.planks.1_214244246": true,
  "tile.for.planks.1_214245238": true,
  "tile.for.planks.1_214272177": true,
  "tile.for.planks.fireproof.0_-847190429": true,
  "tile.for.planks.fireproof.0_-847189437": true,
  "tile.for.planks.fireproof.0_-847187453": true,
  "tile.for.planks.fireproof.0_-847160514": true,
  "tile.for.planks.fireproof.0_-847159522": true,
  "tile.for.planks.fireproof.0_-847158530": true,
  "tile.for.planks.fireproof.0_-847157538": true,
  "tile.for.planks.fireproof.0_-847130599": true,
  "tile.for.planks.fireproof.0_-847129607": true,
  "tile.for.planks.fireproof.0_-847128615": true,
  "tile.for.planks.fireproof.0_-847127623": true,
  "tile.for.planks.fireproof.0_-847100684": true,
  "tile.for.planks.fireproof.0_-847099692": true,
  "tile.for.planks.fireproof.0_-847098700": true,
  "tile.for.planks.fireproof.0_-847097708": true,
  "tile.for.planks.fireproof.1_-847070304": true,
  "tile.for.planks.fireproof.1_-847069312": true,
  "tile.for.planks.fireproof.1_-847068320": true,
  "tile.for.planks.fireproof.1_-847067328": true,
  "tile.for.planks.fireproof.1_-847040389": true,
  "tile.for.planks.fireproof.1_-847039397": true,
  "tile.for.planks.fireproof.1_-847038405": true,
  "tile.for.planks.fireproof.1_-847037413": true,
  "tile.for.planks.fireproof.1_-847010474": true,
  "tile.for.planks.fireproof.1_-847009482": true,
  "tile.for.planks.fireproof.1_-847008490": true,
  "tile.for.planks.fireproof.1_-847007498": true,
  "tile.for.planks.fireproof.1_-846980559": true,
  "tile.for.planks.vanilla.fireproof.0_-1696014845": true,
  "tile.for.planks.vanilla.fireproof.0_-1696013853": true,
  "tile.for.planks.vanilla.fireproof.0_-1696012861": true,
  "tile.for.planks.vanilla.fireproof.0_-1696011869": true,
  "tile.for.planks.vanilla.fireproof.0_-1695984930": true,
  "tile.for.planks.vanilla.fireproof.0_-1695983938": true,
  "tile.wood.oak_To_Sticks_-1415703904": true,
  "tile.wood.spruce_To_Sticks_-1415702943": true,
  "tile.wood.birch_To_Sticks_-1415701982": true,
  "tile.wood.jungle_To_Sticks_-1415701021": true,
  "tile.wood.acacia_To_Sticks_-1415700060": true,
  "tile.wood.big_oak_To_Sticks_-1415699099": true,
  "tile.for.planks.0_To_Sticks_-25813035": true,
  "tile.for.planks.0_To_Sticks_-25812074": true,
  "tile.for.planks.0_To_Sticks_-25811113": true,
  "tile.for.planks.0_To_Sticks_-25810152": true,
  "tile.for.planks.0_To_Sticks_-25809191": true,
  "tile.for.planks.0_To_Sticks_-25808230": true,
  "tile.for.planks.0_To_Sticks_-25807269": true,
  "tile.for.planks.0_To_Sticks_-25806308": true,
  "tile.for.planks.0_To_Sticks_-25805347": true,
  "tile.for.planks.0_To_Sticks_-25804386": true,
  "tile.for.planks.0_To_Sticks_-25803425": true,
  "tile.for.planks.0_To_Sticks_-25802464": true,
  "tile.for.planks.0_To_Sticks_-25801503": true,
  "tile.for.planks.0_To_Sticks_-25800542": true,
  "tile.for.planks.0_To_Sticks_-25799581": true,
  "tile.for.planks.0_To_Sticks_-25798620": true,
  "tile.for.planks.1_To_Sticks_-25783244": true,
  "tile.for.planks.1_To_Sticks_-25782283": true,
  "tile.for.planks.1_To_Sticks_-25781322": true,
  "tile.for.planks.1_To_Sticks_-25780361": true,
  "tile.for.planks.1_To_Sticks_-25779400": true,
  "tile.for.planks.1_To_Sticks_-25778439": true,
  "tile.for.planks.1_To_Sticks_-25777478": true,
  "tile.for.planks.1_To_Sticks_-25776517": true,
  "tile.for.planks.1_To_Sticks_-25775556": true,
  "tile.for.planks.1_To_Sticks_-25774595": true,
  "tile.for.planks.1_To_Sticks_-25773634": true,
  "tile.for.planks.1_To_Sticks_-25772673": true,
  "tile.for.planks.1_To_Sticks_-25771712": true,
  "tile.for.planks.fireproof.0_To_Sticks_2000284853": true,
  "tile.for.planks.fireproof.0_To_Sticks_2000285814": true,
  "tile.for.planks.fireproof.0_To_Sticks_2000287736": true,
  "tile.for.planks.fireproof.0_To_Sticks_2000288697": true,
  "tile.for.planks.fireproof.0_To_Sticks_2000289658": true,
  "tile.for.planks.fireproof.0_To_Sticks_2000290619": true,
  "tile.for.planks.fireproof.0_To_Sticks_2000291580": true,
  "tile.for.planks.fireproof.0_To_Sticks_2000292541": true,
  "tile.for.planks.fireproof.0_To_Sticks_2000293502": true,
  "tile.for.planks.fireproof.0_To_Sticks_2000294463": true,
  "tile.for.planks.fireproof.0_To_Sticks_2000295424": true,
  "tile.for.planks.fireproof.0_To_Sticks_2000296385": true,
  "tile.for.planks.fireproof.0_To_Sticks_2000297346": true,
  "tile.for.planks.fireproof.0_To_Sticks_2000298307": true,
  "tile.for.planks.fireproof.0_To_Sticks_2000299268": true,
  "tile.for.planks.fireproof.1_To_Sticks_2000314644": true,
  "tile.for.planks.fireproof.1_To_Sticks_2000315605": true,
  "tile.for.planks.fireproof.1_To_Sticks_2000316566": true,
  "tile.for.planks.fireproof.1_To_Sticks_2000317527": true,
  "tile.for.planks.fireproof.1_To_Sticks_2000318488": true,
  "tile.for.planks.fireproof.1_To_Sticks_2000319449": true,
  "tile.for.planks.fireproof.1_To_Sticks_2000320410": true,
  "tile.for.planks.fireproof.1_To_Sticks_2000321371": true,
  "tile.for.planks.fireproof.1_To_Sticks_2000322332": true,
  "tile.for.planks.fireproof.1_To_Sticks_2000323293": true,
  "tile.for.planks.fireproof.1_To_Sticks_2000324254": true,
  "tile.for.planks.fireproof.1_To_Sticks_2000325215": true,
  "tile.for.planks.fireproof.1_To_Sticks_2000326176": true,
  "tile.for.planks.vanilla.fireproof.0_To_Sticks_-607398264": true,
  "tile.for.planks.vanilla.fireproof.0_To_Sticks_-607397303": true,
  "tile.for.planks.vanilla.fireproof.0_To_Sticks_-607396342": true,
  "tile.for.planks.vanilla.fireproof.0_To_Sticks_-607395381": true,
  "tile.for.planks.vanilla.fireproof.0_To_Sticks_-607394420": true,
  "tile.for.planks.vanilla.fireproof.0_To_Sticks_-607393459": true,
  "tile.log.jungle_-1814706450": true,
  "item.melon_-1083706285": true
 }
}